epoch,accuracy,learning_rate,loss,top5_accuracy,val_accuracy,val_loss,val_top5_accuracy
0,0.0005667327786795795,0.0010000000474974513,6.129811763763428,0.004250495694577694,0.0,6.196642875671387,0.0
